1730829428.5853271,starfish-evm-connector-redis,1.4377028714107367,9.1328125,15736.53515625
1730829428.5853271,starfish-evm-connector-example-callback,0.3118238993710692,50.17578125,15736.53515625
1730829428.5853271,starfish-evm-connector-celery-beat,0.0,93.2109375,15736.53515625
1730829428.5853271,starfish-evm-connector-celery-worker,18.553855878634636,395.7421875,15736.53515625
1730829428.5853271,starfish-evm-connector-api,6.707133917396746,94.53515625,15736.53515625
1730829437.6378615,starfish-evm-connector-redis,1.169620253164557,9.1953125,15736.53515625
1730829437.6378615,starfish-evm-connector-example-callback,0.2783102143757881,50.17578125,15736.53515625
1730829437.6378615,starfish-evm-connector-celery-beat,1.444875,93.2109375,15736.53515625
1730829437.6378615,starfish-evm-connector-celery-worker,18.588383838383837,401.546875,15736.53515625
1730829437.6378615,starfish-evm-connector-api,8.0843631778058,94.53515625,15736.53515625
1730829447.6593556,starfish-evm-connector-redis,1.2382278481012658,9.203125,15736.53515625
1730829447.6593556,starfish-evm-connector-example-callback,0.24559006211180123,50.17578125,15736.53515625
1730829447.6593556,starfish-evm-connector-celery-beat,0.0,93.2109375,15736.53515625
1730829447.6593556,starfish-evm-connector-celery-worker,52.18610421836228,407.125,15736.53515625
1730829447.6593556,starfish-evm-connector-api,7.410929648241206,94.53515625,15736.53515625
1730829457.686961,starfish-evm-connector-redis,1.1505674653215638,9.15625,15736.53515625
1730829457.686961,starfish-evm-connector-example-callback,0.26012578616352205,50.17578125,15736.53515625
1730829457.686961,starfish-evm-connector-celery-beat,0.0,93.2109375,15736.53515625
1730829457.686961,starfish-evm-connector-celery-worker,18.82550505050505,407.25390625,15736.53515625
1730829457.686961,starfish-evm-connector-api,8.933123425692695,94.53515625,15736.53515625
1730829467.713286,starfish-evm-connector-redis,1.186146095717884,9.1796875,15736.53515625
1730829467.713286,starfish-evm-connector-example-callback,0.24122807017543862,50.17578125,15736.53515625
1730829467.713286,starfish-evm-connector-celery-beat,0.0,93.2109375,15736.53515625
1730829467.713286,starfish-evm-connector-celery-worker,18.620251572327046,407.421875,15736.53515625
1730829467.713286,starfish-evm-connector-api,6.8426767676767675,94.53515625,15736.53515625
1730829477.7415044,starfish-evm-connector-redis,1.4389380530973452,9.21875,15736.53515625
1730829477.7415044,starfish-evm-connector-example-callback,0.24680851063829784,50.17578125,15736.53515625
1730829477.7415044,starfish-evm-connector-celery-beat,0.0,93.2109375,15736.53515625
1730829477.7415044,starfish-evm-connector-celery-worker,20.437861635220123,407.48828125,15736.53515625
1730829477.7415044,starfish-evm-connector-api,7.1078947368421055,94.53515625,15736.53515625
1730829487.7701387,starfish-evm-connector-redis,1.1460659898477157,9.2578125,15736.53515625
1730829487.7701387,starfish-evm-connector-example-callback,0.2571969696969697,50.17578125,15736.53515625
1730829487.7701387,starfish-evm-connector-celery-beat,0.0,93.2109375,15736.53515625
1730829487.7701387,starfish-evm-connector-celery-worker,18.42775,407.6796875,15736.53515625
1730829487.7701387,starfish-evm-connector-api,7.955597014925373,94.53515625,15736.53515625
1730829497.799171,starfish-evm-connector-redis,1.151693851944793,9.30859375,15736.53515625
1730829497.799171,starfish-evm-connector-example-callback,0.23350189633375473,50.17578125,15736.53515625
1730829497.799171,starfish-evm-connector-celery-beat,0.0,93.2109375,15736.53515625
1730829497.799171,starfish-evm-connector-celery-worker,18.638909541511772,407.7421875,15736.53515625
1730829497.799171,starfish-evm-connector-api,6.7942138364779865,94.53515625,15736.53515625
1730829507.8252733,starfish-evm-connector-redis,1.2246558197747184,9.34765625,15736.53515625
1730829507.8252733,starfish-evm-connector-example-callback,0.2521685254027261,50.17578125,15736.53515625
1730829507.8252733,starfish-evm-connector-celery-beat,0.0,93.2109375,15736.53515625
1730829507.8252733,starfish-evm-connector-celery-worker,50.46779874213836,407.90234375,15736.53515625
1730829507.8252733,starfish-evm-connector-api,6.748672566371681,94.53515625,15736.53515625
1730829517.8518834,starfish-evm-connector-redis,1.1517632241813602,10.15625,15736.53515625
1730829517.8518834,starfish-evm-connector-example-callback,0.227375,50.17578125,15736.53515625
1730829517.8518834,starfish-evm-connector-celery-beat,0.0,93.2109375,15736.53515625
1730829517.8518834,starfish-evm-connector-celery-worker,20.211601513240858,407.9609375,15736.53515625
1730829517.8518834,starfish-evm-connector-api,6.522921914357682,94.53515625,15736.53515625
1730829527.8800924,starfish-evm-connector-redis,1.1491183879093199,10.20703125,15736.53515625
1730829527.8800924,starfish-evm-connector-example-callback,0.28775252525252526,50.17578125,15736.53515625
1730829527.8800924,starfish-evm-connector-celery-beat,0.0,93.2109375,15736.53515625
1730829527.8800924,starfish-evm-connector-celery-worker,18.576124999999998,407.98828125,15736.53515625
1730829527.8800924,starfish-evm-connector-api,9.7,94.53515625,15736.53515625
1730829537.9084623,starfish-evm-connector-redis,1.1988664987405542,10.24609375,15736.53515625
1730829537.9084623,starfish-evm-connector-example-callback,0.2406801007556675,50.17578125,15736.53515625
1730829537.9084623,starfish-evm-connector-celery-beat,0.0,93.2109375,15736.53515625
1730829537.9084623,starfish-evm-connector-celery-worker,30.482745591939548,432.01953125,15736.53515625
1730829537.9084623,starfish-evm-connector-api,7.708745247148289,94.53515625,15736.53515625
1730829547.935969,starfish-evm-connector-redis,1.354911838790932,10.328125,15736.53515625
1730829547.935969,starfish-evm-connector-example-callback,0.24611528822055137,50.17578125,15736.53515625
1730829547.935969,starfish-evm-connector-celery-beat,0.0,93.2109375,15736.53515625
1730829547.935969,starfish-evm-connector-celery-worker,29.07141057934509,441.2734375,15736.53515625
1730829547.935969,starfish-evm-connector-api,6.727547169811321,94.53515625,15736.53515625
1730829557.9646573,starfish-evm-connector-redis,1.3515037593984962,10.37890625,15736.53515625
1730829557.9646573,starfish-evm-connector-example-callback,0.256625,50.17578125,15736.53515625
1730829557.9646573,starfish-evm-connector-celery-beat,0.0,93.2109375,15736.53515625
1730829557.9646573,starfish-evm-connector-celery-worker,34.744472361809045,449.03515625,15736.53515625
1730829557.9646573,starfish-evm-connector-api,7.961704834605598,94.53515625,15736.53515625
1730829567.9918907,starfish-evm-connector-redis,1.445969773299748,10.4296875,15736.53515625
1730829567.9918907,starfish-evm-connector-example-callback,0.27125,50.17578125,15736.53515625
1730829567.9918907,starfish-evm-connector-celery-beat,0.0,93.2109375,15736.53515625
1730829567.9918907,starfish-evm-connector-celery-worker,82.85838587641865,451.37109375,15736.53515625
1730829567.9918907,starfish-evm-connector-api,8.26360201511335,94.53515625,15736.53515625
1730829578.019428,starfish-evm-connector-redis,1.469861286254729,10.484375,15736.53515625
1730829578.019428,starfish-evm-connector-example-callback,0.25451127819548874,50.17578125,15736.53515625
1730829578.019428,starfish-evm-connector-celery-beat,0.0,93.2109375,15736.53515625
1730829578.019428,starfish-evm-connector-celery-worker,29.339021329987457,451.44921875,15736.53515625
1730829578.019428,starfish-evm-connector-api,7.010088272383354,94.53515625,15736.53515625
1730829588.0463042,starfish-evm-connector-redis,1.539572864321608,10.5078125,15736.53515625
1730829588.0463042,starfish-evm-connector-example-callback,0.268939393939394,50.17578125,15736.53515625
1730829588.0463042,starfish-evm-connector-celery-beat,0.0,93.2109375,15736.53515625
1730829588.0463042,starfish-evm-connector-celery-worker,29.025692695214108,458.3515625,15736.53515625
1730829588.0463042,starfish-evm-connector-api,7.789585947302385,94.53515625,15736.53515625
1730829598.0741436,starfish-evm-connector-redis,1.7772898368883314,10.53125,15736.53515625
1730829598.0741436,starfish-evm-connector-example-callback,0.2620125786163522,50.17578125,15736.53515625
1730829598.0741436,starfish-evm-connector-celery-beat,0.0,93.2109375,15736.53515625
1730829598.0741436,starfish-evm-connector-celery-worker,27.871158690176323,465.64453125,15736.53515625
1730829598.0741436,starfish-evm-connector-api,6.509583858764186,94.53515625,15736.53515625
1730829608.1017838,starfish-evm-connector-redis,1.3341708542713568,10.58203125,15736.53515625
1730829608.1017838,starfish-evm-connector-example-callback,0.22453531598513013,50.17578125,15736.53515625
1730829608.1017838,starfish-evm-connector-celery-beat,0.0,93.2109375,15736.53515625
1730829608.1017838,starfish-evm-connector-celery-worker,59.46532663316583,466.09765625,15736.53515625
1730829608.1017838,starfish-evm-connector-api,7.128156565656566,94.53515625,15736.53515625
1730829618.1304524,starfish-evm-connector-redis,1.5077306733167082,10.62890625,15736.53515625
1730829618.1304524,starfish-evm-connector-example-callback,0.2538268506900878,50.17578125,15736.53515625
1730829618.1304524,starfish-evm-connector-celery-beat,0.0,93.2109375,15736.53515625
1730829618.1304524,starfish-evm-connector-celery-worker,26.171934260429836,468.62890625,15736.53515625
1730829618.1304524,starfish-evm-connector-api,7.38171500630517,94.53515625,15736.53515625
1730829628.1589031,starfish-evm-connector-redis,1.4888610763454317,10.64453125,15736.53515625
1730829628.1589031,starfish-evm-connector-example-callback,0.2859848484848485,50.17578125,15736.53515625
1730829628.1589031,starfish-evm-connector-celery-beat,0.0,93.2109375,15736.53515625
1730829628.1589031,starfish-evm-connector-celery-worker,87.86102756892231,469.41796875,15736.53515625
1730829628.1589031,starfish-evm-connector-api,7.25675,94.53515625,15736.53515625
1730829638.1867323,starfish-evm-connector-redis,1.2377028714107365,10.6640625,15736.53515625
1730829638.1867323,starfish-evm-connector-example-callback,0.26421446384039904,50.17578125,15736.53515625
1730829638.1867323,starfish-evm-connector-celery-beat,0.0,93.2109375,15736.53515625
1730829638.1867323,starfish-evm-connector-celery-worker,26.400505689001264,469.27734375,15736.53515625
1730829638.1867323,starfish-evm-connector-api,7.944993662864386,94.53515625,15736.53515625
1730829648.2140377,starfish-evm-connector-redis,1.5846347607052897,10.7109375,15736.53515625
1730829648.2140377,starfish-evm-connector-example-callback,0.2545340050377834,50.17578125,15736.53515625
1730829648.2140377,starfish-evm-connector-celery-beat,0.0,93.2109375,15736.53515625
1730829648.2140377,starfish-evm-connector-celery-worker,23.13466833541927,469.51171875,15736.53515625
1730829648.2140377,starfish-evm-connector-api,6.9414357682619645,94.53515625,15736.53515625
1730829658.2405334,starfish-evm-connector-redis,6.738965952080706,10.72265625,15736.53515625
1730829658.2405334,starfish-evm-connector-example-callback,0.24774436090225566,50.17578125,15736.53515625
1730829658.2405334,starfish-evm-connector-celery-beat,0.0,93.2109375,15736.53515625
1730829658.2405334,starfish-evm-connector-celery-worker,44.196733668341714,472.70703125,15736.53515625
1730829658.2405334,starfish-evm-connector-api,6.735479797979798,94.53515625,15736.53515625
1730829668.268509,starfish-evm-connector-redis,6.772222222222222,10.7734375,15736.53515625
1730829668.268509,starfish-evm-connector-example-callback,0.23400503778337534,50.17578125,15736.53515625
1730829668.268509,starfish-evm-connector-celery-beat,0.0,93.2109375,15736.53515625
1730829668.268509,starfish-evm-connector-celery-worker,44.83078848560701,473.31640625,15736.53515625
1730829668.268509,starfish-evm-connector-api,6.852598225602028,94.53515625,15736.53515625
1730829678.29609,starfish-evm-connector-redis,7.1110831234256935,10.83203125,15736.53515625
1730829678.29609,starfish-evm-connector-example-callback,0.2560453400503778,50.17578125,15736.53515625
1730829678.29609,starfish-evm-connector-celery-beat,0.0,93.2109375,15736.53515625
1730829678.29609,starfish-evm-connector-celery-worker,182.67421777221526,474.359375,15736.53515625
1730829678.29609,starfish-evm-connector-api,6.546231155778894,94.53515625,15736.53515625
1730829688.3256264,starfish-evm-connector-redis,6.38080808080808,11.21484375,15736.53515625
1730829688.3256264,starfish-evm-connector-example-callback,0.26653992395437265,50.17578125,15736.53515625
1730829688.3256264,starfish-evm-connector-celery-beat,0.0,93.2109375,15736.53515625
1730829688.3256264,starfish-evm-connector-celery-worker,103.49173967459323,475.75390625,15736.53515625
1730829688.3256264,starfish-evm-connector-api,6.515288220551378,94.53515625,15736.53515625
1730829698.3536658,starfish-evm-connector-redis,5.430478589420654,10.91796875,15736.53515625
1730829698.3536658,starfish-evm-connector-example-callback,0.24116161616161616,50.17578125,15736.53515625
1730829698.3536658,starfish-evm-connector-celery-beat,0.0,93.2109375,15736.53515625
1730829698.3536658,starfish-evm-connector-celery-worker,22.595744680851062,475.765625,15736.53515625
1730829698.3536658,starfish-evm-connector-api,8.77896725440806,94.53515625,15736.53515625
1730829708.381209,starfish-evm-connector-redis,6.533967046894804,10.921875,15736.53515625
1730829708.381209,starfish-evm-connector-example-callback,0.2573033707865168,50.17578125,15736.53515625
1730829708.381209,starfish-evm-connector-celery-beat,0.0,93.2109375,15736.53515625
1730829708.381209,starfish-evm-connector-celery-worker,21.984025157232704,475.74609375,15736.53515625
1730829708.381209,starfish-evm-connector-api,7.365495608531996,94.53515625,15736.53515625
1730829718.4108224,starfish-evm-connector-redis,3.3602272727272724,10.8828125,15736.53515625
1730829718.4108224,starfish-evm-connector-example-callback,0.28621553884711776,50.17578125,15736.53515625
1730829718.4108224,starfish-evm-connector-celery-beat,0.0,93.2109375,15736.53515625
1730829718.4108224,starfish-evm-connector-celery-worker,21.774433249370276,475.74609375,15736.53515625
1730829718.4108224,starfish-evm-connector-api,6.926065162907268,94.53515625,15736.53515625
1730829728.4375129,starfish-evm-connector-redis,0.20540201005025124,10.921875,15736.53515625
1730829728.4375129,starfish-evm-connector-example-callback,0.25972396486825594,50.17578125,15736.53515625
1730829728.4375129,starfish-evm-connector-celery-beat,0.0,93.2109375,15736.53515625
1730829728.4375129,starfish-evm-connector-celery-worker,0.2604534005037783,475.73828125,15736.53515625
1730829728.4375129,starfish-evm-connector-api,0.23659147869674185,94.515625,15736.53515625
1730829738.4634733,starfish-evm-connector-redis,0.24466750313676286,11.14453125,15736.53515625
1730829738.4634733,starfish-evm-connector-example-callback,0.2820802005012531,50.17578125,15736.53515625
1730829738.4634733,starfish-evm-connector-celery-beat,0.0,93.2109375,15736.53515625
1730829738.4634733,starfish-evm-connector-celery-worker,0.3554579673776662,475.71875,15736.53515625
1730829738.4634733,starfish-evm-connector-api,0.26838143036386447,94.515625,15736.53515625
1730829748.4901376,starfish-evm-connector-redis,0.2457393483709273,10.83203125,15736.53515625
1730829748.4901376,starfish-evm-connector-example-callback,0.2263819095477387,50.17578125,15736.53515625
1730829748.4901376,starfish-evm-connector-celery-beat,0.0,93.2109375,15736.53515625
1730829748.4901376,starfish-evm-connector-celery-worker,57.1536432160804,475.69140625,15736.53515625
1730829748.4901376,starfish-evm-connector-api,0.2615,94.515625,15736.53515625
1730829758.5180705,starfish-evm-connector-redis,0.22581453634085213,10.83203125,15736.53515625
1730829758.5180705,starfish-evm-connector-example-callback,0.2625935162094763,50.17578125,15736.53515625
1730829758.5180705,starfish-evm-connector-celery-beat,0.0,93.2109375,15736.53515625
1730829758.5180705,starfish-evm-connector-celery-worker,0.34015056461731497,475.6875,15736.53515625
1730829758.5180705,starfish-evm-connector-api,0.2467418546365915,94.515625,15736.53515625
1730829768.5426958,starfish-evm-connector-redis,0.2042659974905897,10.81640625,15736.53515625
1730829768.5426958,starfish-evm-connector-example-callback,0.2513141426783479,50.17578125,15736.53515625
1730829768.5426958,starfish-evm-connector-celery-beat,0.0,93.2109375,15736.53515625
1730829768.5426958,starfish-evm-connector-celery-worker,0.3370927318295739,475.6796875,15736.53515625
1730829768.5426958,starfish-evm-connector-api,0.2636135508155584,94.515625,15736.53515625
1730829778.5696516,starfish-evm-connector-redis,0.2737171464330413,10.80859375,15736.53515625
1730829778.5696516,starfish-evm-connector-example-callback,0.23539042821158693,50.17578125,15736.53515625
1730829778.5696516,starfish-evm-connector-celery-beat,0.0,93.2109375,15736.53515625
1730829778.5696516,starfish-evm-connector-celery-worker,0.3114321608040201,475.67578125,15736.53515625
1730829778.5696516,starfish-evm-connector-api,0.24767879548306146,94.515625,15736.53515625
1730829788.5958576,starfish-evm-connector-redis,0.20100502512562815,10.8046875,15736.53515625
1730829788.5958576,starfish-evm-connector-example-callback,0.27155388471177944,50.17578125,15736.53515625
1730829788.5958576,starfish-evm-connector-celery-beat,0.0,93.2109375,15736.53515625
1730829788.5958576,starfish-evm-connector-celery-worker,0.2721598002496879,475.66796875,15736.53515625
1730829788.5958576,starfish-evm-connector-api,0.2681304893350063,94.515625,15736.53515625
1730829798.6225164,starfish-evm-connector-redis,0.2718592964824121,10.7734375,15736.53515625
1730829798.6225164,starfish-evm-connector-example-callback,0.25056603773584907,50.17578125,15736.53515625
1730829798.6225164,starfish-evm-connector-celery-beat,0.0,93.2109375,15736.53515625
1730829798.6225164,starfish-evm-connector-celery-worker,0.3382978723404255,475.6640625,15736.53515625
1730829798.6225164,starfish-evm-connector-api,0.26245306633291615,94.515625,15736.53515625
1730829808.648233,starfish-evm-connector-redis,0.23438287153652393,10.7734375,15736.53515625
1730829808.648233,starfish-evm-connector-example-callback,0.20442477876106196,50.17578125,15736.53515625
1730829808.648233,starfish-evm-connector-celery-beat,0.0,93.2109375,15736.53515625
1730829808.648233,starfish-evm-connector-celery-worker,13.229052369077309,475.66796875,15736.53515625
1730829808.648233,starfish-evm-connector-api,0.28494353826850694,94.515625,15736.53515625
1730829818.6753464,starfish-evm-connector-redis,0.22932330827067668,11.0234375,15736.53515625
1730829818.6753464,starfish-evm-connector-example-callback,0.26858573216520654,50.17578125,15736.53515625
1730829818.6753464,starfish-evm-connector-celery-beat,0.0,93.2109375,15736.53515625
1730829818.6753464,starfish-evm-connector-celery-worker,0.3469924812030075,475.66796875,15736.53515625
1730829818.6753464,starfish-evm-connector-api,0.25807259073842304,94.515625,15736.53515625
1730829828.701504,starfish-evm-connector-redis,0.24930817610062894,10.7734375,15736.53515625
1730829828.701504,starfish-evm-connector-example-callback,0.2675438596491228,50.17578125,15736.53515625
1730829828.701504,starfish-evm-connector-celery-beat,0.0,93.2109375,15736.53515625
1730829828.701504,starfish-evm-connector-celery-worker,0.325531914893617,475.66796875,15736.53515625
1730829828.701504,starfish-evm-connector-api,0.2582389937106918,94.515625,15736.53515625
1730829838.7302802,starfish-evm-connector-redis,0.275875,10.7734375,15736.53515625
1730829838.7302802,starfish-evm-connector-example-callback,0.2528160200250313,50.17578125,15736.53515625
1730829838.7302802,starfish-evm-connector-celery-beat,0.0,93.2109375,15736.53515625
1730829838.7302802,starfish-evm-connector-celery-worker,0.49501246882793026,475.671875,15736.53515625
1730829838.7302802,starfish-evm-connector-api,0.24862499999999998,94.515625,15736.53515625
1730829848.758227,starfish-evm-connector-redis,0.29048811013767206,10.75390625,15736.53515625
1730829848.758227,starfish-evm-connector-example-callback,0.24215809284818068,50.17578125,15736.53515625
1730829848.758227,starfish-evm-connector-celery-beat,0.0,93.2109375,15736.53515625
1730829848.758227,starfish-evm-connector-celery-worker,0.33776662484316183,475.66796875,15736.53515625
1730829848.758227,starfish-evm-connector-api,0.27236180904522617,94.515625,15736.53515625
1730829858.785938,starfish-evm-connector-redis,0.25415617128463475,10.73828125,15736.53515625
1730829858.785938,starfish-evm-connector-example-callback,0.2530663329161452,50.17578125,15736.53515625
1730829858.785938,starfish-evm-connector-celery-beat,0.0,93.2109375,15736.53515625
1730829858.785938,starfish-evm-connector-celery-worker,0.29022556390977444,475.66796875,15736.53515625
1730829858.785938,starfish-evm-connector-api,0.22966207759699625,94.515625,15736.53515625
1730829868.8143747,starfish-evm-connector-redis,0.26679245283018865,10.73828125,15736.53515625
1730829868.8143747,starfish-evm-connector-example-callback,0.23467336683417084,50.17578125,15736.53515625
1730829868.8143747,starfish-evm-connector-celery-beat,1.4510050251256281,93.2109375,15736.53515625
1730829868.8143747,starfish-evm-connector-celery-worker,54.32659974905897,475.66796875,15736.53515625
1730829868.8143747,starfish-evm-connector-api,0.23237139272271015,94.515625,15736.53515625
1730829878.8398957,starfish-evm-connector-redis,0.2371859296482412,10.73828125,15736.53515625
1730829878.8398957,starfish-evm-connector-example-callback,0.22930817610062892,50.17578125,15736.53515625
1730829878.8398957,starfish-evm-connector-celery-beat,0.0,93.2109375,15736.53515625
1730829878.8398957,starfish-evm-connector-celery-worker,0.9132665832290363,475.66796875,15736.53515625
1730829878.8398957,starfish-evm-connector-api,0.2718946047678795,94.515625,15736.53515625
1730829888.8689384,starfish-evm-connector-redis,0.25859473023839397,10.7265625,15736.53515625
1730829888.8689384,starfish-evm-connector-example-callback,0.2554307116104869,50.17578125,15736.53515625
1730829888.8689384,starfish-evm-connector-celery-beat,0.0,93.2109375,15736.53515625
1730829888.8689384,starfish-evm-connector-celery-worker,0.301875,475.671875,15736.53515625
1730829888.8689384,starfish-evm-connector-api,0.25836477987421386,94.515625,15736.53515625
1730829898.8948574,starfish-evm-connector-redis,0.25006257822277844,10.7265625,15736.53515625
1730829898.8948574,starfish-evm-connector-example-callback,0.2462406015037594,50.17578125,15736.53515625
1730829898.8948574,starfish-evm-connector-celery-beat,0.0,93.2109375,15736.53515625
1730829898.8948574,starfish-evm-connector-celery-worker,0.3280701754385965,475.671875,15736.53515625
1730829898.8948574,starfish-evm-connector-api,0.2424433249370277,94.515625,15736.53515625
1730829908.9218874,starfish-evm-connector-redis,0.27932330827067664,10.7265625,15736.53515625
1730829908.9218874,starfish-evm-connector-example-callback,0.2665408805031446,50.17578125,15736.53515625
1730829908.9218874,starfish-evm-connector-celery-beat,0.0,93.2109375,15736.53515625
1730829908.9218874,starfish-evm-connector-celery-worker,0.27515683814303643,475.66796875,15736.53515625
1730829908.9218874,starfish-evm-connector-api,0.25877192982456143,94.515625,15736.53515625
1730829918.9492617,starfish-evm-connector-redis,0.24831038798498123,10.7265625,15736.53515625
1730829918.9492617,starfish-evm-connector-example-callback,0.2523690773067332,50.17578125,15736.53515625
1730829918.9492617,starfish-evm-connector-celery-beat,0.0,93.2109375,15736.53515625
1730829918.9492617,starfish-evm-connector-celery-worker,5.742803504380475,475.71875,15736.53515625
1730829918.9492617,starfish-evm-connector-api,0.2849624060150376,94.515625,15736.53515625
1730829928.97857,starfish-evm-connector-redis,0.3208020050125313,10.734375,15736.53515625
1730829928.97857,starfish-evm-connector-example-callback,0.2770287141073658,50.17578125,15736.53515625
1730829928.97857,starfish-evm-connector-celery-beat,1.5079900124843946,93.2109375,15736.53515625
1730829928.97857,starfish-evm-connector-celery-worker,8.065233881163085,476.08203125,15736.53515625
1730829928.97857,starfish-evm-connector-api,0.27751256281407033,94.515625,15736.53515625
1730829939.0069385,starfish-evm-connector-redis,0.529125,10.98828125,15736.53515625
1730829939.0069385,starfish-evm-connector-example-callback,0.26575,50.17578125,15736.53515625
1730829939.0069385,starfish-evm-connector-celery-beat,0.0,93.2109375,15736.53515625
1730829939.0069385,starfish-evm-connector-celery-worker,8.957340025094103,476.09375,15736.53515625
1730829939.0069385,starfish-evm-connector-api,0.26390977443609026,94.515625,15736.53515625
1730829949.0356164,starfish-evm-connector-redis,0.32059925093632957,10.7421875,15736.53515625
1730829949.0356164,starfish-evm-connector-example-callback,0.2558638083228247,50.17578125,15736.53515625
1730829949.0356164,starfish-evm-connector-celery-beat,0.0,93.2109375,15736.53515625
1730829949.0356164,starfish-evm-connector-celery-worker,5.890476190476191,476.1015625,15736.53515625
1730829949.0356164,starfish-evm-connector-api,0.2453066332916145,94.515625,15736.53515625
1730829959.0628796,starfish-evm-connector-redis,0.2221105527638191,10.74609375,15736.53515625
1730829959.0628796,starfish-evm-connector-example-callback,0.265875,50.17578125,15736.53515625
1730829959.0628796,starfish-evm-connector-celery-beat,0.0,93.2109375,15736.53515625
1730829959.0628796,starfish-evm-connector-celery-worker,0.2569095477386935,476.1015625,15736.53515625
1730829959.0628796,starfish-evm-connector-api,0.2697877652933833,94.515625,15736.53515625
1730829969.091081,starfish-evm-connector-redis,0.2944584382871536,10.74609375,15736.53515625
1730829969.091081,starfish-evm-connector-example-callback,0.24120603015075376,50.17578125,15736.53515625
1730829969.091081,starfish-evm-connector-celery-beat,0.0,93.2109375,15736.53515625
1730829969.091081,starfish-evm-connector-celery-worker,0.37271589486858575,476.1015625,15736.53515625
1730829969.091081,starfish-evm-connector-api,0.2588235294117647,94.515625,15736.53515625
1730829979.1177492,starfish-evm-connector-redis,0.2413316582914573,10.7421875,15736.53515625
1730829979.1177492,starfish-evm-connector-example-callback,0.2512531328320802,50.17578125,15736.53515625
1730829979.1177492,starfish-evm-connector-celery-beat,0.0,93.2109375,15736.53515625
1730829979.1177492,starfish-evm-connector-celery-worker,0.27854454203262236,476.10546875,15736.53515625
1730829979.1177492,starfish-evm-connector-api,0.27758186397984885,94.515625,15736.53515625
1730829989.1431975,starfish-evm-connector-redis,4.705375,10.7421875,15736.53515625
1730829989.1431975,starfish-evm-connector-example-callback,0.22851758793969848,50.17578125,15736.53515625
1730829989.1431975,starfish-evm-connector-celery-beat,1.4887076537013801,93.2109375,15736.53515625
1730829989.1431975,starfish-evm-connector-celery-worker,1.6596491228070176,476.09765625,15736.53515625
1730829989.1431975,starfish-evm-connector-api,0.2557089084065245,94.515625,15736.53515625
1730829999.1716523,starfish-evm-connector-redis,4.692452830188679,10.7421875,15736.53515625
1730829999.1716523,starfish-evm-connector-example-callback,0.2648241206030151,50.17578125,15736.53515625
1730829999.1716523,starfish-evm-connector-celery-beat,0.0,93.2109375,15736.53515625
1730829999.1716523,starfish-evm-connector-celery-worker,0.8623279098873592,476.09375,15736.53515625
1730829999.1716523,starfish-evm-connector-api,0.2635,94.515625,15736.53515625
1730830009.1983907,starfish-evm-connector-redis,4.58,10.7421875,15736.53515625
1730830009.1983907,starfish-evm-connector-example-callback,0.25937499999999997,50.17578125,15736.53515625
1730830009.1983907,starfish-evm-connector-celery-beat,0.0,93.2109375,15736.53515625
1730830009.1983907,starfish-evm-connector-celery-worker,0.2740554156171285,476.08984375,15736.53515625
1730830009.1983907,starfish-evm-connector-api,0.28211586901763225,94.515625,15736.53515625
1730830019.226618,starfish-evm-connector-redis,5.394849246231156,10.75390625,15736.53515625
1730830019.226618,starfish-evm-connector-example-callback,0.2257861635220126,50.17578125,15736.53515625
1730830019.226618,starfish-evm-connector-celery-beat,0.0,93.2109375,15736.53515625
1730830019.226618,starfish-evm-connector-celery-worker,0.3169385194479297,476.0859375,15736.53515625
1730830019.226618,starfish-evm-connector-api,0.24097135740971357,94.515625,15736.53515625
1730830029.2541578,starfish-evm-connector-redis,5.329052369077307,10.7734375,15736.53515625
1730830029.2541578,starfish-evm-connector-example-callback,0.21939924906132666,50.17578125,15736.53515625
1730830029.2541578,starfish-evm-connector-celery-beat,0.0,93.2109375,15736.53515625
1730830029.2541578,starfish-evm-connector-celery-worker,0.35682102628285356,476.0859375,15736.53515625
1730830029.2541578,starfish-evm-connector-api,0.28050314465408804,94.515625,15736.53515625
1730830039.2808347,starfish-evm-connector-redis,5.677232704402515,11.0,15736.53515625
1730830039.2808347,starfish-evm-connector-example-callback,0.2567669172932331,50.17578125,15736.53515625
1730830039.2808347,starfish-evm-connector-celery-beat,0.0,93.2109375,15736.53515625
1730830039.2808347,starfish-evm-connector-celery-worker,0.39597484276729566,476.34375,15736.53515625
1730830039.2808347,starfish-evm-connector-api,0.2844806007509387,94.515625,15736.53515625
1730830049.3096318,starfish-evm-connector-redis,0.22097989949748742,10.7421875,15736.53515625
1730830049.3096318,starfish-evm-connector-example-callback,0.24079601990049748,50.17578125,15736.53515625
1730830049.3096318,starfish-evm-connector-celery-beat,1.4481761006289307,93.2109375,15736.53515625
1730830049.3096318,starfish-evm-connector-celery-worker,0.2672521957340025,476.796875,15736.53515625
1730830049.3096318,starfish-evm-connector-api,0.2503144654088051,94.515625,15736.53515625
1730830059.3379376,starfish-evm-connector-redis,0.24109589041095889,10.73828125,15736.53515625
1730830059.3379376,starfish-evm-connector-example-callback,0.2773466833541927,50.17578125,15736.53515625
1730830059.3379376,starfish-evm-connector-celery-beat,0.0,93.2109375,15736.53515625
1730830059.3379376,starfish-evm-connector-celery-worker,0.8035131744040149,476.796875,15736.53515625
1730830059.3379376,starfish-evm-connector-api,0.2465,94.515625,15736.53515625
1730830069.3676693,starfish-evm-connector-redis,0.49560301507537685,10.73828125,15736.53515625
1730830069.3676693,starfish-evm-connector-example-callback,0.23150684931506849,50.17578125,15736.53515625
1730830069.3676693,starfish-evm-connector-celery-beat,0.0,93.2109375,15736.53515625
1730830069.3676693,starfish-evm-connector-celery-worker,6.8668773704171935,477.1640625,15736.53515625
1730830069.3676693,starfish-evm-connector-api,0.25118898623279096,94.515625,15736.53515625
1730830079.3944817,starfish-evm-connector-redis,0.3245922208281054,10.7421875,15736.53515625
1730830079.3944817,starfish-evm-connector-example-callback,0.24017412935323385,50.17578125,15736.53515625
1730830079.3944817,starfish-evm-connector-celery-beat,0.0,93.2109375,15736.53515625
1730830079.3944817,starfish-evm-connector-celery-worker,6.754213836477988,479.171875,15736.53515625
1730830079.3944817,starfish-evm-connector-api,0.2624371859296482,94.515625,15736.53515625
1730830089.422604,starfish-evm-connector-redis,0.6015094339622642,10.75390625,15736.53515625
1730830089.422604,starfish-evm-connector-example-callback,0.2664572864321608,50.17578125,15736.53515625
1730830089.422604,starfish-evm-connector-celery-beat,0.0,93.2109375,15736.53515625
1730830089.422604,starfish-evm-connector-celery-worker,6.076537013801756,479.2109375,15736.53515625
1730830089.422604,starfish-evm-connector-api,0.26270337922403003,94.515625,15736.53515625
1730830099.4510887,starfish-evm-connector-redis,0.4474213836477987,10.74609375,15736.53515625
1730830099.4510887,starfish-evm-connector-example-callback,0.21947236180904522,50.17578125,15736.53515625
1730830099.4510887,starfish-evm-connector-celery-beat,0.0,93.2109375,15736.53515625
1730830099.4510887,starfish-evm-connector-celery-worker,5.910539523212045,479.3203125,15736.53515625
1730830099.4510887,starfish-evm-connector-api,0.2746882793017456,94.515625,15736.53515625
1730830109.4776578,starfish-evm-connector-redis,0.4958646616541354,10.74609375,15736.53515625
1730830109.4776578,starfish-evm-connector-example-callback,0.23944723618090455,50.17578125,15736.53515625
1730830109.4776578,starfish-evm-connector-celery-beat,1.5117647058823527,93.2109375,15736.53515625
1730830109.4776578,starfish-evm-connector-celery-worker,49.87984981226533,479.66015625,15736.53515625
1730830109.4776578,starfish-evm-connector-api,0.2457286432160804,94.515625,15736.53515625
1730830119.5070288,starfish-evm-connector-redis,0.23803526448362722,10.75,15736.53515625
1730830119.5070288,starfish-evm-connector-example-callback,0.250625,50.17578125,15736.53515625
1730830119.5070288,starfish-evm-connector-celery-beat,0.0,93.2109375,15736.53515625
1730830119.5070288,starfish-evm-connector-celery-worker,1.1756892230576441,479.66796875,15736.53515625
1730830119.5070288,starfish-evm-connector-api,0.26666666666666666,94.515625,15736.53515625
1730830129.5370934,starfish-evm-connector-redis,0.45835411471321696,10.7578125,15736.53515625
1730830129.5370934,starfish-evm-connector-example-callback,0.2643576826196473,50.17578125,15736.53515625
1730830129.5370934,starfish-evm-connector-celery-beat,0.0,93.2109375,15736.53515625
1730830129.5370934,starfish-evm-connector-celery-worker,5.706273525721456,482.3984375,15736.53515625
1730830129.5370934,starfish-evm-connector-api,0.25930087390761547,94.515625,15736.53515625
1730830139.565232,starfish-evm-connector-redis,0.509261576971214,10.75,15736.53515625
1730830139.565232,starfish-evm-connector-example-callback,0.23596491228070177,50.17578125,15736.53515625
1730830139.565232,starfish-evm-connector-celery-beat,0.0,93.2109375,15736.53515625
1730830139.565232,starfish-evm-connector-celery-worker,5.831086142322097,482.40234375,15736.53515625
1730830139.565232,starfish-evm-connector-api,0.22080706179066834,94.515625,15736.53515625
1730830149.5933368,starfish-evm-connector-redis,0.44009962640099626,10.75,15736.53515625
1730830149.5933368,starfish-evm-connector-example-callback,0.26935687263556113,50.17578125,15736.53515625
1730830149.5933368,starfish-evm-connector-celery-beat,0.0,93.2109375,15736.53515625
1730830149.5933368,starfish-evm-connector-celery-worker,8.83530150753769,483.33203125,15736.53515625
1730830149.5933368,starfish-evm-connector-api,0.292125,94.515625,15736.53515625
1730830159.623095,starfish-evm-connector-redis,0.7032786885245902,10.75390625,15736.53515625
1730830159.623095,starfish-evm-connector-example-callback,0.2547738693467337,50.17578125,15736.53515625
1730830159.623095,starfish-evm-connector-celery-beat,0.0,93.2109375,15736.53515625
1730830159.623095,starfish-evm-connector-celery-worker,15.10251572327044,483.390625,15736.53515625
1730830159.623095,starfish-evm-connector-api,0.2888331242158093,94.515625,15736.53515625
1730830169.6499028,starfish-evm-connector-redis,0.6517587939698493,10.76953125,15736.53515625
1730830169.6499028,starfish-evm-connector-example-callback,0.24319600499375782,50.17578125,15736.53515625
1730830169.6499028,starfish-evm-connector-celery-beat,1.455375,93.2109375,15736.53515625
1730830169.6499028,starfish-evm-connector-celery-worker,8.726932668329177,483.65234375,15736.53515625
1730830169.6499028,starfish-evm-connector-api,0.27453416149068327,94.515625,15736.53515625
1730830179.6785247,starfish-evm-connector-redis,0.402252816020025,10.765625,15736.53515625
1730830179.6785247,starfish-evm-connector-example-callback,0.2552369077306733,50.17578125,15736.53515625
1730830179.6785247,starfish-evm-connector-celery-beat,0.0,93.2109375,15736.53515625
1730830179.6785247,starfish-evm-connector-celery-worker,37.977722152690866,483.66015625,15736.53515625
1730830179.6785247,starfish-evm-connector-api,0.2810539523212045,94.515625,15736.53515625
1730830189.704803,starfish-evm-connector-redis,0.42027534418022533,11.015625,15736.53515625
1730830189.704803,starfish-evm-connector-example-callback,0.258816120906801,50.17578125,15736.53515625
1730830189.704803,starfish-evm-connector-celery-beat,0.0,93.2109375,15736.53515625
1730830189.704803,starfish-evm-connector-celery-worker,6.37191435768262,483.6640625,15736.53515625
1730830189.704803,starfish-evm-connector-api,0.24968632371392724,94.515625,15736.53515625
1730830199.7339761,starfish-evm-connector-redis,0.4649367088607595,10.765625,15736.53515625
1730830199.7339761,starfish-evm-connector-example-callback,0.2627054361567636,50.17578125,15736.53515625
1730830199.7339761,starfish-evm-connector-celery-beat,0.0,93.2109375,15736.53515625
1730830199.7339761,starfish-evm-connector-celery-worker,5.4967254408060455,483.83203125,15736.53515625
1730830199.7339761,starfish-evm-connector-api,0.27130214917825535,94.515625,15736.53515625
1730830209.7615633,starfish-evm-connector-redis,0.5038847117794486,10.7734375,15736.53515625
1730830209.7615633,starfish-evm-connector-example-callback,0.2649056603773585,50.17578125,15736.53515625
1730830209.7615633,starfish-evm-connector-celery-beat,0.0,93.2109375,15736.53515625
1730830209.7615633,starfish-evm-connector-celery-worker,6.091834170854272,483.828125,15736.53515625
1730830209.7615633,starfish-evm-connector-api,0.2564617314930991,94.515625,15736.53515625
1730830219.7875848,starfish-evm-connector-redis,0.45744680851063824,10.765625,15736.53515625
1730830219.7875848,starfish-evm-connector-example-callback,0.2638190954773869,50.17578125,15736.53515625
1730830219.7875848,starfish-evm-connector-celery-beat,0.0,93.2109375,15736.53515625
1730830219.7875848,starfish-evm-connector-celery-worker,15.289447236180905,484.56640625,15736.53515625
1730830219.7875848,starfish-evm-connector-api,0.2631578947368421,94.515625,15736.53515625
1730830229.816659,starfish-evm-connector-redis,0.5316645807259074,10.76171875,15736.53515625
1730830229.816659,starfish-evm-connector-example-callback,0.2524652338811631,50.17578125,15736.53515625
1730830229.816659,starfish-evm-connector-celery-beat,0.0,93.2109375,15736.53515625
1730830229.816659,starfish-evm-connector-celery-worker,5.927924528301887,484.5546875,15736.53515625
1730830229.816659,starfish-evm-connector-api,0.25761006289308175,94.515625,15736.53515625
1730830239.8432627,starfish-evm-connector-redis,0.389375,10.76171875,15736.53515625
1730830239.8432627,starfish-evm-connector-example-callback,0.23619167717528372,50.17578125,15736.53515625
1730830239.8432627,starfish-evm-connector-celery-beat,0.0,93.2109375,15736.53515625
1730830239.8432627,starfish-evm-connector-celery-worker,8.596134663341646,484.5546875,15736.53515625
1730830239.8432627,starfish-evm-connector-api,0.25423514538558784,94.515625,15736.53515625
1730830249.8729002,starfish-evm-connector-redis,0.48040201005025124,10.76171875,15736.53515625
1730830249.8729002,starfish-evm-connector-example-callback,0.2407268170426065,50.17578125,15736.53515625
1730830249.8729002,starfish-evm-connector-celery-beat,0.0,93.2109375,15736.53515625
1730830249.8729002,starfish-evm-connector-celery-worker,6.366750948166877,484.796875,15736.53515625
1730830249.8729002,starfish-evm-connector-api,0.27160804020100504,94.515625,15736.53515625
1730830259.9043384,starfish-evm-connector-redis,0.2296992481203008,10.765625,15736.53515625
1730830259.9043384,starfish-evm-connector-example-callback,0.26991150442477874,50.17578125,15736.53515625
1730830259.9043384,starfish-evm-connector-celery-beat,0.0,93.2109375,15736.53515625
1730830259.9043384,starfish-evm-connector-celery-worker,0.14728877679697353,484.55078125,15736.53515625
1730830259.9043384,starfish-evm-connector-api,0.24899749373433586,94.515625,15736.53515625
1730830269.9325538,starfish-evm-connector-redis,0.4348484848484849,10.76171875,15736.53515625
1730830269.9325538,starfish-evm-connector-example-callback,0.2509433962264151,50.17578125,15736.53515625
1730830269.9325538,starfish-evm-connector-celery-beat,0.0,93.2109375,15736.53515625
1730830269.9325538,starfish-evm-connector-celery-worker,0.11982323232323233,484.546875,15736.53515625
1730830269.9325538,starfish-evm-connector-api,0.26838790931989925,94.515625,15736.53515625
1730830279.9609911,starfish-evm-connector-redis,0.22125786163522013,10.765625,15736.53515625
1730830279.9609911,starfish-evm-connector-example-callback,0.24949748743718594,50.17578125,15736.53515625
1730830279.9609911,starfish-evm-connector-celery-beat,0.0,93.2109375,15736.53515625
1730830279.9609911,starfish-evm-connector-celery-worker,0.11693851944792973,484.5390625,15736.53515625
1730830279.9609911,starfish-evm-connector-api,0.2265331664580726,94.515625,15736.53515625
1730830289.984166,starfish-evm-connector-redis,0.22947103274559194,10.765625,15736.53515625
1730830289.984166,starfish-evm-connector-example-callback,0.2604767879548306,50.17578125,15736.53515625
1730830289.984166,starfish-evm-connector-celery-beat,0.0,93.2109375,15736.53515625
1730830289.984166,starfish-evm-connector-celery-worker,0.11869510664993727,484.53125,15736.53515625
1730830289.984166,starfish-evm-connector-api,0.27864321608040205,94.515625,15736.53515625
1730830300.0113,starfish-evm-connector-redis,0.2297365119196989,10.765625,15736.53515625
1730830300.0113,starfish-evm-connector-example-callback,0.23099121706398995,50.17578125,15736.53515625
1730830300.0113,starfish-evm-connector-celery-beat,0.0,93.2109375,15736.53515625
1730830300.0113,starfish-evm-connector-celery-worker,26.152763819095476,484.5234375,15736.53515625
1730830300.0113,starfish-evm-connector-api,0.242,94.515625,15736.53515625
1730830310.0387368,starfish-evm-connector-redis,0.1794228356336261,11.01953125,15736.53515625
1730830310.0387368,starfish-evm-connector-example-callback,0.22084893882646695,50.17578125,15736.53515625
1730830310.0387368,starfish-evm-connector-celery-beat,0.0,93.2109375,15736.53515625
1730830310.0387368,starfish-evm-connector-celery-worker,0.1503787878787879,484.515625,15736.53515625
1730830310.0387368,starfish-evm-connector-api,0.26235884567126727,94.515625,15736.53515625
1730830320.0670326,starfish-evm-connector-redis,5.276787954830614,10.76953125,15736.53515625
1730830320.0670326,starfish-evm-connector-example-callback,0.2682559598494354,50.17578125,15736.53515625
1730830320.0670326,starfish-evm-connector-celery-beat,0.0,93.2109375,15736.53515625
1730830320.0670326,starfish-evm-connector-celery-worker,7.681909547738694,483.20703125,15736.53515625
1730830320.0670326,starfish-evm-connector-api,0.2581047381546135,94.515625,15736.53515625
